"Details","Phylum","Class","Order","Family","Genus","Species","Strain name","Strain name synonym","NCBI ID","WoRMS ID","Reads Type"
"","Choanoflagellida","Choanoflagellatea","Acanthoecida","Acanthoecida","Acanthoeca","sp","10tr","","81532","105502","paired"
"","Dinoflagellata","Dinophyceae","Dinophyceae_X","Dinophyceae_X","Akashiwo","sanguinea","syn. UW496","CCCM885","143672","232546","paired"
"","Dinoflagellata","Dinophyceae","Dinophyceae_X","Dinophyceae_X","Alexandrium","andersonii","JS465","CCMP2222","327968","246835","paired"
"","Dinoflagellata","Dinophyceae","Dinophyceae_X","Dinophyceae_X","Alexandrium","catenella","OF101","","2925","231873","paired"
"","Dinoflagellata","Dinophyceae","Dinophyceae_X","Dinophyceae_X","Alexandrium","fundyense","syn. GTCA28","CCMP1719","2932","231873","paired"
"","Dinoflagellata","Dinophyceae","Dinophyceae_X","Dinophyceae_X","Alexandrium","margalefi","AMGDE01CS-322","","109239","233447","paired"
"","Dinoflagellata","Dinophyceae","Dinophyceae_X","Dinophyceae_X","Alexandrium","minutum","syn. AL","CCMP113","39455","109711","paired"
"","Dinoflagellata","Dinophyceae","Dinophyceae_X","Dinophyceae_X","Alexandrium","monilatum","syn. AM01","CCMP3105","311494","231875","paired"
"","Dinoflagellata","Dinophyceae","Dinophyceae_X","Dinophyceae_X","Alexandrium","temarense","syn. CCMP115","CCMP1771","2926","109714","paired"
"","Foraminifera","Rotaliida","Rotaliida_X","Rotaliida_X","Ammonia","sp","Ammonia","","43993","112078","paired"
"","Dinoflagellata","Syndiniales","Dino-Group-Ii","Dino-Group-Ii","Amoebophrya","sp","Ameob2","","88552","109448","paired"
"","Dinoflagellata","Dinophyceae","Dinophyceae_X","Dinophyceae_X","Amphidinium","carterae","syn. AMPHI","CCMP1314","2961","109723","paired"
"","Dinoflagellata","Dinophyceae","Dinophyceae_X","Dinophyceae_X","Amphidinium","massartii","CS259","","160604","109743","paired"
"","Ochrophyta","Bacillariophyceae","Naviculales","Naviculales","Amphiprora","paludosa","CCMP125","CCMP125","265537","163646","paired"
"","Ochrophyta","Bacillariophyceae","Naviculales","Naviculales","Amphiprora","sp","CCMP467","CCMP467","265536","149140","paired"
"","Ochrophyta","Bacillariophyceae","Thalassiophysales","Thalassiophysales","Amphora","coffeaeformis","CCMP127","CCMP127","265554","624065","paired"
"","Ochrophyta","Pelagophyceae","Sarcinochrysidales","Sarcinochrysidales","Ankylochrysis","sp","MALI FT191.5 PG1","RCC2491","1764641","","paired"
"","Ciliophora","Oligohymenophorea","Scuticociliatia","Scuticociliatia","Anophryoides","haemophila","AH6 lobster","","46462","","paired"
"","Ciliophora","Oligohymenophorea","Scuticociliatia","Scuticociliatia","Anophryoides","haemophila","AH6 seawater","","46462","","paired"
"","Stramenopiles_X","Labyrinthulea","Labyrinthulales","Labyrinthulales","Aplanochytrium","sp","PBS07","","627963","162949","paired"
"","Stramenopiles_X","Labyrinthulea","Labyrinthulales","Labyrinthulales","Aplanochytrium","stocchinoi","GSBS06","","215587","988720","paired"
"","Ciliophora","Colpodea","Cyrtolophosidida","Cyrtolophosidida","Aristerostoma","sp","ATCC 50986","","485358","415080","paired"
"","Ochrophyta","Bacillariophyceae","Rhaphoneidales","Rhaphoneidales","Asterionellopsis","glacialis","CCMP134","CCMP134","33640","148955","paired"
"","Ochrophyta","Bacillariophyceae","Rhaphoneidales","Rhaphoneidales","Asterionellopsis","glacialis","Asterionellopsis glacialis","","33640","148955","paired"
"","Ochrophyta","Bacillariophyceae","Rhaphoneidales","Rhaphoneidales","Asterionellopsis","glacialis","CCMP1581","CCMP1581","33640","148955","paired"
"","Ochrophyta","Mediophyceae","Biddulphiales","Biddulphiales","Attheya","septentrionalis","CCMP2084","CCMP2084","420275","962003","paired"
"","Ochrophyta","Coscinodiscophyceae","Aulacoseirales","Aulacoseirales","Aulacoseira","subarctica","1002-5","CCAP1002/5","202472","963135","paired"
"","Stramenopiles_X","Labyrinthulea","Thraustochytriales","Thraustochytriales","Aurantiochytrium","limacinum","ATCCMYA1381","","87102","","paired"
"","Ochrophyta","Pelagophyceae","Pelagomonadales","Pelagomonadales","Aureococcus","anophagefferens","CCMP1850","CCMP1850","44056","375699","paired"
"","Ochrophyta","Pelagophyceae","Pelagomonadales","Pelagomonadales","Aureococcus","anophagefferens","CCMP1784","RCC96","44056","375699","paired"
"","Ochrophyta","Pelagophyceae","Pelagomonadales","Pelagomonadales","Aureococcus","anophagefferens","CCMP1984","CCMP1984","44056","375699","paired"
"","Ochrophyta","Pelagophyceae","Sarcinochrysidales","Sarcinochrysidales","Aureoumbra","lagunensis","CCMP1510","CCMP1510","44058","375701","paired"
"","Dinoflagellata","Dinophyceae","Dinophyceae_X","Dinophyceae_X","Azadinium","spinosum","3D9","","632150","391509","paired"
"","Chlorophyta","Mamiellophyceae","Mamiellales","Mamiellales","Bathycoccus","oceanicus","IndianOcean_42-6","RCC716","41875","345459","paired"
"","Chlorophyta","Mamiellophyceae","Mamiellales","Mamiellales","Bathycoccus","prasinos","BCC99000","","41875","345459","paired"
"","Chlorophyta","Mamiellophyceae","Mamiellales","Mamiellales","Bathycoccus","prasinos","CCMP1898","CCMP1898","41875","345459","paired"
"","Stramenopiles_X","Bicoecea","Borokales","Borokales","Bicosoecida","sp","ms1","","1486930","","paired"
"","Cercozoa","Filosa-Chlorarachnea","Chlorarachnida","Chlorarachnida","Bigelowiella","longifila","CCMP242","CCMP242","552665","590828","paired"
"","Cercozoa","Filosa-Chlorarachnea","Chlorarachnida","Chlorarachnida","Bigelowiella","natans","CCMP2755","CCMP2755","227086","376277","paired"
"","Cercozoa","Filosa-Chlorarachnea","Chlorarachnida","Chlorarachnida","Bigelowiella","natans","CCMP623","CCMP623","227086","376277","paired"
"","Cercozoa","Filosa-Chlorarachnea","Chlorarachnida","Chlorarachnida","Bigelowiella","natans","CCMP1259","CCMP1259","227086","376277","paired"
"","Cercozoa","Filosa-Chlorarachnea","Chlorarachnida","Chlorarachnida","Bigelowiella","natans","CCMP1258","CCMP1258","227086","376277","paired"
"","Cercozoa","Filosa-Chlorarachnea","Chlorarachnida","Chlorarachnida","Bigelowiella","natans","CCMP1242","CCMP1242","227086","376277","paired"
"","Cercozoa","Filosa-Chlorarachnea","Chlorarachnida","Chlorarachnida","Bigelowiella","natans","BL_33-3","RCC435","227086","376277","paired"
"","Cercozoa","Filosa-Chlorarachnea","Chlorarachnida","Chlorarachnida","Bigelowiella","sp","BL_34","RCC560","1764863","","paired"
"","Ciliophora","Heterotrichea","Heterotrichida","Heterotrichida","Blepharisma","japonicum","Stock R1072","","5961","","paired"
"","Dinoflagellata","Dinophyceae","Dinophyceae_X","Dinophyceae_X","Brandtodinium","nutricula","VFR11","RCC3387","1333877","840495","paired"
"","Stramenopiles_X","Bicoecea","Anoecales","Anoecales","Cafeteria","roenbergensis","E4-10","","33653","104012","paired"
"","Stramenopiles_X","Bicoecea","Anoecales","Anoecales","Cafeteria","sp","Cafeteria Caron Lab Isolate","","33652","103989","paired"
"","Haptophyta","Prymnesiophyceae","Coccolithales","Coccolithales","Calcidiscus","leptoporus","AC370","RCC1130","127549","235923","paired"
"","Dinoflagellata","Dinophyceae","Dinophyceae_X","Dinophyceae_X","Ceratium","fusus","PA161109","","2916","840626","paired"
"","Ochrophyta","Mediophyceae","Chaetocerotales","Chaetocerotales","Chaetoceros","affinis","CCMP159","CCMP159","426623","149241","paired"
"","Ochrophyta","Mediophyceae","Chaetocerotales","Chaetocerotales","Chaetoceros","brevis","CCMP164","CCMP164","426625","149291","paired"
"","Ochrophyta","Mediophyceae","Chaetocerotales","Chaetocerotales","Chaetoceros","curvisetus","Chaetoceros curvisetus","","230516","961769","paired"
"","Ochrophyta","Pelagophyceae","Pelagomonadales","Pelagomonadales","Pelagomonas","calceolata","BOUM81-4","RCC2362","35677","345504","paired"
"","Ochrophyta","Mediophyceae","Chaetocerotales","Chaetocerotales","Chaetoceros","debilis","MM31A-1","","122233","961758","paired"
"","Ochrophyta","Mediophyceae","Chaetocerotales","Chaetocerotales","Chaetoceros","dichaeta","CCMP1751","CCMP1751","420782","178215","paired"
"","Ochrophyta","Mediophyceae","Chaetocerotales","Chaetocerotales","Chaetoceros","neogracile","CCMP1317","CCMP1317","240364","178207","paired"
"","Ochrophyta","Mediophyceae","Chaetocerotales","Chaetocerotales","Chaetoceros","neogracile","MALINA FT99.3 PG5","RCC1993","1048532","178207","paired"
"","Ochrophyta","Mediophyceae","Chaetocerotales","Chaetocerotales","Chaetoceros","sp","GSL56","","947934","148985","paired"
"","Ochrophyta","Mediophyceae","Chaetocerotales","Chaetocerotales","Chaetoceros","sp","UNC1202","","49240","148985","paired"
"","Ochrophyta","Raphidophyceae","Raphidophyceae_X","Raphidophyceae_X","Chattonella","subsalsa","CCMP2191","CCMP2191","44440","246590","paired"
"","Chlorophyta","Chlorophyceae","Chlorophyceae_X","Chlorophyceae_X","Chlamydomonas","chlamydogama","SAG 11-48b","","225041","616483","paired"
"","Chlorophyta","Chlorophyceae","Chlorophyceae_X","Chlorophyceae_X","Chlamydomonas","euryale","CCMP219","CCMP219","1486919","495284","paired"
"","Chlorophyta","Chlorophyceae","Chlorophyceae_X","Chlorophyceae_X","Chlamydomonas","leiostraca","SAG 11-49","","1034604","616487","paired"
"","Chlorophyta","Chlorophyceae","Chlorophyceae_X","Chlorophyceae_X","Chlamydomonas","sp","CCMP681","CCMP681","3052","178583","paired"
"","Cercozoa","Filosa-Chlorarachnea","Chlorarachnida","Chlorarachnida","Chlorarachnion","reptans","CCCM449","CCCM449","29199","376147","paired"
"","Chlorophyta","Chloropicophyceae","Chloropicales","Chloropicales","Chloroparvula","japonica","JST MH340","RCC2339","100272","","paired"
"","Chlorophyta","Chlorophyceae","Chloropicales","Chloropicales","Chloroparvula","sp_b2","IndianOcean_1-1","RCC696","2565275","","paired"
"","Chlorophyta","Chloropicophyceae","Chloropicales","Chloropicales","Chloroparvula","sp_b3","biosope_46 C4S","RCC999","464255","","paired"
"","Chlorophyta","Chloropicophyceae","Chloropicales","Chloropicales","Chloropicon","laureae","Biosope_42 A2","RCC856","100272","1361155","paired"
"","Chlorophyta","Chloropicophyceae","Chloropicales","Chloropicales","Chloropicon","laureae","CCMP2175","CCMP2175","100272","1361155","paired"
"","Chlorophyta","Chloropicophyceae","Chloropicales","Chloropicales","Chloropicon","mariensis","Biosope_46 C3S","RCC998","100272","1361154","paired"
"","Chlorophyta","Chlorophyceae","Chloropicales","Chloropicales","Chloropicon","maureeniae","LRF_5","CCMP2152","1461542","1361156","paired"
"","Chlorophyta","Chloropicophyceae","Chloropicales","Chloropicales","Chloropicon","primus","CCMP1205","CCMP1205","100272","1361151","paired"
"","Chlorophyta","Chloropicophyceae","Chloropicales","Chloropicales","Chloropicon","roscoffensis","JST MH317","RCC2335","100272","1361153","paired"
"","Chlorophyta","Chloropicophyceae","Chloropicales","Chloropicales","Chloropicon","roscoffensis","RA090205-09","RCC1871","100272","1361153","paired"
"","Chlorophyta","Chloropicophyceae","Chloropicales","Chloropicales","Chloropicon","sp","CCMP2111","CCMP2111","100272","","paired"
"","Chlorophyta","Chloropicophyceae","Chloropicales","Chloropicales","Chloropicon","sp","IndianOcean_8-1","RCC701","100272","","paired"
"","Chlorophyta","Chlorophyceae","Chloropicales","Chloropicales","Chloropicon","sp","CCMP2113","CCMP2113","1461542","","paired"
"","Chromerida","Chromera_Group","Chromera_Group_X","Chromera_Group_X","Chromera","velia","syn. RM12","CCMP2878","505693","594556","paired"
"","Chromerida","Chromerida_X","Chromerida_Xx","Chromerida_Xx","Chromerida_Xxxxx","sp","RM11","CCMP3155","348535","591164","paired"
"","Ochrophyta","Chrysophyceae","Chrysophyceae_X","Chrysophyceae_X","Chromulina","nebulosa","CCMP266","CCMP266","96789","610218","paired"
"","Rhodophyta","Stylonematophyceae","Porphyridiales-2","Porphyridiales-2","Chroodactylon","ramnosum","SAG 103.79","RCC654","139907","","paired"
"","Cryptophyta","Cryptophyceae","Cryptophyceae_X","Cryptophyceae_X","Chroomonas","mesostigmatica","CCMP1168","CCMP1168","1195612","","paired"
"","Haptophyta","Prymnesiophyceae","Prymnesiales","Prymnesiales","Chrysochromulina","brevifilum","UTEX LB 985","","156173","624975","paired"
"","Haptophyta","Prymnesiophyceae","Prymnesiales","Prymnesiales","Chrysochromulina","polylepis","CCMP1757","CCMP1757","72548","670030","paired"
"","Haptophyta","Prymnesiophyceae","Prymnesiales","Prymnesiales","Chrysochromulina","polylepis","UIO037","","72548","670030","paired"
"","Haptophyta","Prymnesiophyceae","Prymnesiales","Prymnesiales","Chrysochromulina","rotalis","UIO044","","412157","619010","paired"
"","Haptophyta","Prymnesiophyceae","Calcihaptophycidae","Calcihaptophycidae","Chrysoculter","rhomboideus","Ccult","RCC1486","259385","396262","paired"
"","Ochrophyta","Pelagophyceae","Sarcinochrysidales","Sarcinochrysidales","Chrysocystis","fragilis","CCMP3189","CCMP3189","1411660","375757","paired"
"","Ochrophyta","Pelagophyceae","Sarcinochrysidales","Sarcinochrysidales","Chrysoreinhardia","sp","CCMP2950","CCMP2950","1104430","369489","paired"
"","Ochrophyta","Pelagophyceae","Sarcinochrysidales","Sarcinochrysidales","Chrysoreinhardia","sp","CCMP3193","CCMP3193","1104430","369489","paired"
"","Ciliophora","Heterotrichea","Heterotrichida","Heterotrichida","Climacostomum","virens","Stock W-24","","49980","417074","paired"
"","Rhodophyta","Unclassified_Rhodophyta","Unclassified_Rhodophyta_X","Unclassified_Rhodophyta_X","Coastal Red Alga","sp","CCMP1999","CCMP1999","100272","","paired"
"","Haptophyta","Prymnesiophyceae","Coccolithales","Coccolithales","Coccolithus","pelagicus","PLY182g","","221442","843999","paired"
"","Rhodophyta","Compsopogonophyceae","Compsopogonales","Compsopogonales","Compsopogon","caeruleus","SAG36_94","","31354","371039","paired"
"","Ciliophora","Heterotrichea","Heterotrichida","Heterotrichida","Condylostoma","magnum","COL2","","40633","417077","paired"
"","Ochrophyta","Coscinodiscophyceae","Corethrales","Corethrales","Corethron","hystrix","308","","216773","179596","paired"
"","Ochrophyta","Coscinodiscophyceae","Corethrales","Corethrales","Corethron","pennatum","L29A3","","218684","341496","paired"
"","Ochrophyta","Coscinodiscophyceae","Coscinodiscales","Coscinodiscales","Coscinodiscus","wailesii","CCMP2513","CCMP2513","671091","156632","paired"
"","Ochrophyta","Bacillariophyceae","Mastogloiales","Mastogloiales","Craspedostauros","australis","CCMP3328","CCMP3328","1486917","495215","paired"
"","Chlorophyta","Mamiellophyceae","Dolichomastigales","Dolichomastigales","Crustomastix","stigmata","CCMP3273","CCMP3273","195967","376127","paired"
"","Dinoflagellata","Dinophyceae","Dinophyceae_X","Dinophyceae_X","Crypthecodinium","cohnii","Seligo","","2866","109998","paired"
"","Cryptophyta","Cryptophyceae","Cryptophyceae_X","Cryptophyceae_X","Cryptomonas","curvata","979-52","CCAP979/52","233186","238840","paired"
"","Cryptophyta","Cryptophyceae","Cryptophyceae_X","Cryptophyceae_X","Cryptomonas","paramecium","977-2a","CCAP977/2a","2898","622886","paired"
"","Cryptophyta","Cryptophyceae","Cryptophyceae_X","Cryptophyceae_X","Cryptophyceae_Xxx","sp","CCMP2293","CCMP2293","697907","17639","paired"
"","Metazoa","Ctenophora","Ctenophora_X","Ctenophora_X","Ctenophora_Xxx","sp","D1","","100272","","paired"
"","Metazoa","Ctenophora","Ctenophora_X","Ctenophora_X","Ctenophora_Xxx","sp","Undescribed","","100272","","paired"
"","Glaucocystophyta","Glaucocystophyceae","Glaucocystophytes","Glaucocystophytes","Cyanoptyche","gloeocystis","SAG4.97","","77922","619321","paired"
"","Ochrophyta","Bacillariophyceae","Cyclophorales","Cyclophorales","Cyclophora","radiata","13vi08-1A","","1158023","837899","paired"
"","Ochrophyta","Bacillariophyceae","Cyclophorales","Cyclophorales","Cyclophora","tenuis","ECT3854","","216820","577625","paired"
"","Ochrophyta","Mediophyceae","Stephanodiscales","Stephanodiscales","Cyclotella","meneghiniana","CCMP338","CCMP338","29205","148909","paired"
"","Ochrophyta","Bacillariophyceae","Bacillariales","Bacillariales","Cylindrotheca","closterium","KMMCC:B-181","","2856","149004","paired"
"","Ochrophyta","Coscinodiscophyceae","Rhizosoleniales","Rhizosoleniales","Dactyliosolen","fragilissimus","Dactyliosolen fragilissimus","","1118495","985165","paired"
"","Fungi","Ascomycota","Saccharomycotina","Saccharomycotina","Debaryomyces","hansenii","J26","","4959","147583","paired"
"","Ochrophyta","Mediophyceae","Thalassiosirales","Thalassiosirales","Detonula","confervacea","CCMP353","CCMP353","83371","163224","paired"
"","Holozoa","Choanoflagellatea","Acanthoecida","Acanthoecida","Diaphanoeca","grandis","Jubany 4.1.09","RCC4269","28014","105571","paired"
"","Holozoa","Choanoflagellatea","Acanthoecida","Acanthoecida","Diaphanoeca","grandis","Svalbard","RCC4271","28014","105571","paired"
"","Holozoa","Choanoflagellatea","Acanthoecida","Acanthoecida","Diaphanoeca","grandis","Svalbard East","RCC4272","28014","105571","paired"
"","Ochrophyta","Dictyochophyceae","Dictyochales","Dictyochales","Dictyocha","speculum","CCMP1381","CCMP1381","35687","157260","paired"
"","Ochrophyta","Chrysophyceae","Chrysophyceae_X","Chrysophyceae_X","Dinobryon","sp","UTEXLB2267","","98059","157240","paired"
"","Dinoflagellata","Dinophyceae","Dinophyceae_X","Dinophyceae_X","Dinophysis","acuminata","DAEP01","","47934","109603","paired"
"","Ochrophyta","Mediophyceae","Lithodesmiales","Lithodesmiales","Ditylum","brightwellii","GSO105","","49249","149023","paired"
"","Ochrophyta","Mediophyceae","Lithodesmiales","Lithodesmiales","Ditylum","brightwellii","GSO103","","49249","149023","paired"
"","Ochrophyta","Mediophyceae","Lithodesmiales","Lithodesmiales","Ditylum","brightwellii","GSO104","","49249","149023","paired"
"","Ochrophyta","Mediophyceae","Lithodesmiales","Lithodesmiales","Ditylum","brightwellii","Pop1-SS4","","49249","149023","paired"
"","Ochrophyta","Mediophyceae","Lithodesmiales","Lithodesmiales","Ditylum","brightwellii","Pop2-SS10","","49249","149023","paired"
"","Chlorophyta","Mamiellophyceae","Dolichomastigales","Dolichomastigales","Dolichomastix","tenuilepis","CCMP3274","CCMP3274","195969","345463","paired"
"","Chlorophyta","Chlorophyceae","Chlorophyceae_X","Chlorophyceae_X","Dunaliella","tertiolecta","CCMP1320","CCMP1320","3047","178590","paired"
"","Dinoflagellata","Dinophyceae","Dinophyceae_X","Dinophyceae_X","Durinskia","baltica","CSIRO CS-38","","400756","841287","paired"
"","Foraminifera","Rotaliida","Rotaliida_X","Rotaliida_X","Elphidium","margaritaceum","Elphidium margaritaceum","","933848","113279","paired"
"","Haptophyta","Prymnesiophyceae","Isochrysidales","Isochrysidales","Emiliania","huxleyi","379","","2903","115104","paired"
"","Haptophyta","Prymnesiophyceae","Isochrysidales","Isochrysidales","Emiliania","huxleyi","374","","2903","115104","paired"
"","Haptophyta","Prymnesiophyceae","Isochrysidales","Isochrysidales","Emiliania","huxleyi","PLYM219","","2903","115104","paired"
"","Haptophyta","Prymnesiophyceae","Isochrysidales","Isochrysidales","Emiliania","huxleyi","CCMP370","CCMP370","2903","115104","paired"
"","Haptophyta","Prymnesiophyceae","Isochrysidales","Isochrysidales","Emiliania","huxleyi","AC675 syn. OS 2","RCC1253","2903","115104","paired"
"","Haptophyta","Prymnesiophyceae","Isochrysidales","Isochrysidales","Emiliania","huxleyi","BOUM77","RCC1857","2903","115104","paired"
"","Haptophyta","Prymnesiophyceae","Isochrysidales","Isochrysidales","Emiliania","huxleyi","CHC2","RCC3782","2903","115104","paired"
"","Haptophyta","Prymnesiophyceae","Isochrysidales","Isochrysidales","Emiliania","huxleyi","j24","","2903","115104","paired"
"","Ochrophyta","Bacillariophyceae","Surirellales","Surirellales","Entomoneis","sp","CCMP2396","CCMP2396","186043","156598","paired"
"","Rhodophyta","Rhodophyceae","Porphyridiales-1","Porphyridiales-1","Erythrolobus","australicus","CCMP3124","CCMP3124","1077150","837208","paired"
"","Rhodophyta","Rhodophyceae","Porphyridiales-1","Porphyridiales-1","Erythrolobus","madagascarensis","CCMP3276","CCMP3276","708628","624230","paired"
"","Ochrophyta","Mediophyceae","Biddulphiales","Biddulphiales","Eucampia","antarctica","CCMP1452","CCMP1452","49252","667138","paired"
"","Ciliophora","Spirotrichea","Euplotia","Euplotia","Euplotes","crassus","CT5","","5936","427687","paired"
"","Ciliophora","Spirotrichea","Euplotia","Euplotia","Euplotes","focardii","TN1","","36767","341651","paired"
"","Ciliophora","Spirotrichea","Euplotia","Euplotia","Euplotes","harpa","FSP1.4","","151035","417113","paired"
"","Discoba","Euglenozoa","Euglenida","Euglenida","Eutreptiella","gymnastica","NIES-381","","73025","110652","paired"
"","Discoba","Euglenozoa","Euglenida","Euglenida","Eutreptiella","gymnastica-like","CCMP1594","CCMP1594","73025","110652","paired"
"","Haptophyta","Pavlovophyceae","Pavlovales","Pavlovales","Exanthemachrysis","gayraliae","AC15","RCC1523","119497","590562","paired"
"","Ochrophyta","Mediophyceae","Cymatosirales","Cymatosirales","Extubocellulus","spinifer","CCMP396","CCMP396","265572","669620","paired"
"","Ciliophora","Heterotrichea","Heterotrichida","Heterotrichida","Fabrea","salina","Fabrea salina","","342563","417075","paired"
"","Ochrophyta","Pelagophyceae","Pelagophyceae_X","Pelagophyceae_X","Pelagomonas","calceolata","IndianOcean_17-1","RCC706","35675","345504","paired"
"","Ciliophora","Spirotrichea","Choreotrichia","Choreotrichia","Favella","ehrenbergii","Fehren 1","","182087","235761","paired"
"","Ciliophora","Spirotrichea","Choreotrichia","Choreotrichia","Favella","taraikaensis","Fe Narragansett Bay","","626734","732665","paired"
"","Ochrophyta","Raphidophyceae","Raphidophyceae_X","Raphidophyceae_X","Fibrocapsa","japonica","CCMP1661","CCMP1661","94617","233761","paired"
"","Conosa","Variosea","Variosea_X","Variosea_X","Filamoeba","nolandi","NC-AS-23-1","","136452","","paired"
"","Ochrophyta","Dictyochophyceae","Florenciellales","Florenciellales","Florenciella","parvula","MICROVIR 9CH_0","RCC1693","236787","178628","paired"
"","Ochrophyta","Dictyochophyceae","Florenciellales","Florenciellales","Florenciella","parvula","CCMP2471","CCMP2471","236787","178628","paired"
"","Ochrophyta","Dictyochophyceae","Florenciellales","Florenciellales","Florenciella","sp","MICROVIR 4CH_0","RCC1587","236786","178627","paired"
"","Ochrophyta","Dictyochophyceae","Florenciellales","Florenciellales","Florenciella","sp","Biosope_40 A","RCC1007","236786","178627","paired"
"","Ochrophyta","Bacillariophyceae","Bacillariales","Bacillariales","Fragilariopsis","kerguelensis","L26-C5","","186038","573621","paired"
"","Ochrophyta","Bacillariophyceae","Bacillariales","Bacillariales","Fragilariopsis","kerguelensis","L2-C3","","186038","573621","paired"
"","Dinoflagellata","Dinophyceae","Dinophyceae_X","Dinophyceae_X","Gambierdiscus","australes","CAWD149","","439317","233377","paired"
"","Cryptophyta","Cryptophyceae","Cryptophyceae_X","Cryptophyceae_X","Geminigera","cryophila","CCMP2564","CCMP2564","46947","341616","paired"
"","Cryptophyta","Cryptophyceae","Cryptophyceae_X","Cryptophyceae_X","Geminigera","sp","Geminigera Caron Lab Isolate","","46946","341305","paired"
"","Haptophyta","Prymnesiophyceae","Isochrysidales","Isochrysidales","Gephyrocapsa","muellerae","CHC184","RCC3370","1663125","341588","paired"
"","Haptophyta","Prymnesiophyceae","Isochrysidales","Isochrysidales","Gephyrocapsa","oceanica","AC300","RCC1303","38817","235955","paired"
"","Glaucocystophyta","Glaucocystophyceae","Glaucocystophytes","Glaucocystophytes","Gloeochaete","witrockiana","SAG46_84","","38269","610828","paired"
"","Ochrophyta","Pelagophyceae","Pelagomonadales","Pelagomonadales","Pelagomonas","calceolata","Biosope_111 C1E","RCC981","35677","345504","paired"
"","Glaucocystophyta","Glaucocystophyceae","Glaucocystophytes","Glaucocystophytes","Gloeochaete","witrockiana","SAG46_84","","38269","610828","paired"
"","Ochrophyta","Pinguiophyceae","Pinguiochrysidales","Pinguiochrysidales","Glossomastix","chrysoplasta","CCMP1537","RCC624","172669","376357","paired"
"","Cryptophyta","Cryptophyceae","Cryptophyceae_X","Cryptophyceae_X","Goniomonas","pacifica","CCMP1869","CCMP1869","195067","106308","paired"
"","Cryptophyta","Cryptophyceae","Cryptophyceae_X","Cryptophyceae_X","Goniomonas","sp","ATCC 50108","","31324","106286","paired"
"","Dinoflagellata","Dinophyceae","Dinophyceae_X","Dinophyceae_X","Gonyaulax","spinifera","CCMP409","CCMP409","66791","233509","paired"
"","Ochrophyta","Bacillariophyceae","Rhabdonematales","Rhabdonematales","Grammatophora","oceanica","CCMP410","CCMP410","210454","149339","paired"
"","Cryptophyta","Cryptophyceae","Cryptophyceae_X","Cryptophyceae_X","Guillardia","theta","CCMP2712","CCMP2712","905079","590566","paired"
"","Ochrophyta","Bacillariophyta","Coscinodiscophyceae","Coscinodiscophyceae","Guinardia","flaccida","RA120910 P1E1","RCC3093","216801","149132","paired"
"","Cercozoa","Filosa-Chlorarachnea","Chlorarachnida","Chlorarachnida","Gymnochlora","sp","CCMP2014","CCMP2014","629695","369707","paired"
"","Dinoflagellata","Dinophyceae","Dinophyceae_X","Dinophyceae_X","Gymnodinium","catenatum","GC744","","39447","109784","paired"
"","Dinoflagellata","Dinophyceae","Dinophyceae_X","Dinophyceae_X","Gyrodinium","dominans","SPMC 103","","285985","109851","paired"
"","Cryptophyta","Cryptophyceae","Cryptophyceae_X","Cryptophyceae_X","Hanusia","phi","CCMP325","CCMP325","3032","590576","paired"
"","Haptophyta","Prymnesiophyceae","Prymnesiales","Prymnesiales","Haptolina","ericina","CCMP281","CCMP281","156174","624976","paired"
"","Ochrophyta","Bacillariophyceae","Naviculales","Naviculales","Haslea","sp","Aka_5A P52.F2","RCC2677","1764899","","paired"
"","Ochrophyta","Mediophyceae","Briggerales","Briggerales","Helicotheca","tamensis","CCMP826","CCMP826","374047","157440","paired"
"","Cryptophyta","Cryptophyceae","Cryptophyceae_X","Cryptophyceae_X","Hemiselmis","andersenii","CCMP644","CCMP644","464988","623449","paired"
"","Cryptophyta","Cryptophyceae","Cryptophyceae_X","Cryptophyceae_X","Hemiselmis","andersenii","CCMP439","CCMP439","464988","623449","paired"
"","Cryptophyta","Cryptophyceae","Cryptophyceae_X","Cryptophyceae_X","Hemiselmis","andersenii","CCMP1180","CCMP1180","464988","623449","paired"
"","Cryptophyta","Cryptophyceae","Cryptophyceae_X","Cryptophyceae_X","Hemiselmis","andersenii","CCMP441","CCMP441","464988","623449","paired"
"","Cryptophyta","Cryptophyceae","Cryptophyceae_X","Cryptophyceae_X","Hemiselmis","rufescens","PCC563","","77926","573878","paired"
"","Cryptophyta","Cryptophyceae","Cryptophyceae_X","Cryptophyceae_X","Hemiselmis","tepida","CCMP443","CCMP443","464990","623452","paired"
"","Cryptophyta","Cryptophyceae","Cryptophyceae_X","Cryptophyceae_X","Hemiselmis","viresens","PCC157","","77927","106310","paired"
"","Dinoflagellata","Dinophyceae","Dinophyceae_X","Dinophyceae_X","Heterocapsa","arctica","CCMP445","CCMP445","192219","233607","paired"
"","Dinoflagellata","Dinophyceae","Dinophyceae_X","Dinophyceae_X","Heterocapsa","rotundata","SCCAP K-0483","","89963","110152","paired"
"","Dinoflagellata","Dinophyceae","Dinophyceae_X","Dinophyceae_X","Heterocapsa","triquetra","CCMP448","CCMP448","66468","110153","paired"
"","Ochrophyta","Raphidophyceae","Raphidophyceae_X","Raphidophyceae_X","Heterosigma","akashiwo","CCMP2393","CCMP2393","2829","160585","paired"
"","Ochrophyta","Raphidophyceae","Raphidophyceae_X","Raphidophyceae_X","Heterosigma","akashiwo","CCMP3107","CCMP3107","2829","160585","paired"
"","Ochrophyta","Raphidophyceae","Raphidophyceae_X","Raphidophyceae_X","Heterosigma","akashiwo","NB","","2829","160585","paired"
"","Ochrophyta","Raphidophyceae","Raphidophyceae_X","Raphidophyceae_X","Heterosigma","akashiwo","CCMP452","CCMP452","536046","160585","paired"
"","Haptophyta","Prymnesiophyceae","Prymnesiales","Prymnesiales","Imantonia","sp","Biosope_179_FL2-1","RCC918","97494","163094","paired"
"","Haptophyta","Prymnesiophyceae","Isochrysidales","Isochrysidales","Isochrysis","galbana","CCMP1323","CCMP1323","37099","573884","paired"
"","Haptophyta","Prymnesiophyceae","Isochrysidales","Isochrysidales","Isochrysis","sp","CCMP1244","CCMP1244","37098","248124","paired"
"","Haptophyta","Prymnesiophyceae","Isochrysidales","Isochrysidales","Isochrysis","sp","CCMP1324","CCMP1324","40639","248124","paired"
"","Dinoflagellata","Dinophyceae","Dinophyceae_X","Dinophyceae_X","Karenia","brevis","CCMP2229","CCMP2229","156230","233015","paired"
"","Dinoflagellata","Dinophyceae","Dinophyceae_X","Dinophyceae_X","Karenia","brevis","Wilson","","156230","233015","paired"
"","Dinoflagellata","Dinophyceae","Dinophyceae_X","Dinophyceae_X","Karenia","brevis","SP3","","156230","233015","paired"
"","Dinoflagellata","Dinophyceae","Dinophyceae_X","Dinophyceae_X","Karenia","brevis","SP1","","156230","233015","paired"
"","Dinoflagellata","Dinophyceae","Dinophyceae_X","Dinophyceae_X","Karlodinium","micrum","CCMP2283","CCMP2283","407301","233037","paired"
"","Haptophyta","Prymnesiophyceae","Phaeocystales","Phaeocystales","Phaeocystis","sp","Biosope_219_FL2-3","RCC935","464238","","paired"
"","Dinoflagellata","Dinophyceae","Dinophyceae_X","Dinophyceae_X","Kryptoperidinium","foliaceum","116-3","CCAP1116_3","160619","110154","paired"
"","Dinoflagellata","Dinophyceae","Dinophyceae_X","Dinophyceae_X","Kryptoperidinium","foliaceum","CCMP1326","CCMP1326","160619","110154","paired"
"","Apicomplexa","Apicomplexa_X","Gregarines","Gregarines","Lankesteria","abbotti","Grappler Inlet BC","","340204","563048","paired"
"","Ochrophyta","Mediophyceae","Chaetocerotales","Chaetocerotales","Leptocylindrus","danicus","var. danicus B650","","163516","962746","paired"
"","Ochrophyta","Mediophyceae","Chaetocerotales","Chaetocerotales","Leptocylindrus","danicus","var. apora B651","","1398097","839793","paired"
"","Ochrophyta","Mediophyceae","Chaetocerotales","Chaetocerotales","Leptocylindrus","danicus","CCMP1856","CCMP1856","163516","962746","paired"
"","Dinoflagellata","Dinophyceae","Dinophyceae_X","Dinophyceae_X","Lessardia","elongata","SPMC 104","","210733","232703","paired"
"","Ochrophyta","Bacillariophyceae","Licmophorales","Licmophorales","Licmophora","paradoxa","CCMP2313","CCMP2313","515479","149344","paired"
"","Dinoflagellata","Dinophyceae","Dinophyceae_X","Dinophyceae_X","Lingulodinium","polyedra","CCMP1738","CCMP1738","160621","233592","paired"
"","Ciliophora","Litostomatea","Haptoria","Haptoria","Litonotus","pictus","P1","","665100","417359","paired"
"","Cercozoa","Filosa-Chlorarachnea","Chlorarachnida","Chlorarachnida","Lotharella","amoebiformis","CCMP2058","CCMP2058","1561963","590824","paired"
"","Cercozoa","Filosa-Chlorarachnea","Chlorarachnida","Chlorarachnida","Lotharella","globosa","LEX01","","91324","657472","paired"
"","Cercozoa","Filosa-Chlorarachnea","Chlorarachnida","Chlorarachnida","Lotharella","globosa","CCCM811","CCCM811","91324","657472","paired"
"","Cercozoa","Filosa-Chlorarachnea","Chlorarachnida","Chlorarachnida","Lotharella","sp","CCMP622","CCMP622","641309","495715","paired"
"","Rhodophyta","Compsopogonophyceae","Erythropeltidales","Erythropeltidales","Madagascaria","erythrocladioides","CCMP3234","CCMP3234","753684","623825","paired"
"","Ochrophyta","Chrysophyceae","Synurales","Synurales","Mallomonas","sp","CCMP3275","CCMP3275","2988","249721","paired"
"","Chlorophyta","Mamiellophyceae","Mamiellales","Mamiellales","Mantoniella","antarctica","SL-175","","81844","341614","paired"
"","Chlorophyta","Mamiellophyceae","Mamiellales","Mamiellales","Mantoniella","beaufortii","MALINA E47.P2","RCC2288","1155430","17663","paired"
"","Chlorophyta","Mamiellophyceae","Mamiellales","Mamiellales","Mantoniella","sp","CCMP1436","CCMP1436","13607","134532","paired"
"","Lobosa","Discosea-Longamoebia","Dermamoebida","Dermamoebida","Mayorella","sp","BSH-02190019","","242540","120551","paired"
"","Ciliophora","Litostomatea","Cyclotrichia","Cyclotrichia","Mesodinium","pulex","SPMC105","","283647","179321","paired"
"","Ochrophyta","Dictyochophyceae","Pedinellales","Pedinellales","Mesopedinella","arctica","PROSOPE_2","RCC382","296676","375969","paired"
"","Chlorophyta","Mamiellophyceae","Mamiellales","Mamiellales","Micromonas","commoda","CCMP1764","RCC472","38832","134533","paired"
"","Chlorophyta","Mamiellophyceae","Mamiellales","Mamiellales","Micromonas","commoda","CCMP492","RCC451","38832","134533","paired"
"","Chlorophyta","Mamiellophyceae","Mamiellales","Mamiellales","Micromonas","commoda","CCMP1723","CCMP1723","38833","134564","paired"
"","Chlorophyta","Mamiellophyceae","Mamiellales","Mamiellales","Micromonas","commoda","biosope_46 B4S","RCC996","1606511","1361174","paired"
"","Chlorophyta","Mamiellophyceae","Mamiellales","Mamiellales","Micromonas","polaris","CCMP2099","CCMP2099","38832","134533","paired"
"","Chlorophyta","Mamiellophyceae","Mamiellales","Mamiellales","Micromonas","polaris","MALINA S522","RCC2306","38833","134564","paired"
"","Chlorophyta","Mamiellophyceae","Mamiellales","Mamiellales","Micromonas","pusilla","CCMP1646","CCMP1646","38832","134533","paired"
"","Chlorophyta","Mamiellophyceae","Mamiellales","Mamiellales","Micromonas","pusilla","NEPCC29","NEPCC29","38832","134533","paired"
"","Chlorophyta","Mamiellophyceae","Mamiellales","Mamiellales","Micromonas","pusilla","CS-222","","38832","134533","paired"
"","Chlorophyta","Mamiellophyceae","Mamiellales","Mamiellales","Micromonas","pusilla","MACROVIR 13CH_0","RCC1614","38833","134564","paired"
"","Chlorophyta","Mamiellophyceae","Mamiellales","Mamiellales","Micromonas","sp","CCAC1681","CCAC1681","38833","134564","paired"
"","Chlorophyta","Mamiellophyceae","Mamiellales","Mamiellales","Micromonas","sp","CCMP494","CCMP494","38833","134564","paired"
"","Cercozoa","Endomyxa-Ascetosporea","Haplosporida","Haplosporida","Minchinia","chitonis","Minchinia chitonis","","262233","563579","paired"
"","Ochrophyta","Mediophyceae","Thalassiosirales","Thalassiosirales","Minidiscus","sp","RA080513-10","RCC1721","2315412","","paired"
"","Ochrophyta","Mediophyceae","Cymatosirales","Cymatosirales","Minutocellus","polymorphus","NH13","","265543","464448","paired"
"","Ochrophyta","Mediophyceae","Cymatosirales","Cymatosirales","Minutocellus","polymorphus","MALINA S95","RCC2270","265543","464448","paired"
"","Ochrophyta","Mediophyceae","Cymatosirales","Cymatosirales","Minutocellus","polymorphus","CCMP3303","CCMP3303","265543","464448","paired"
"","Ciliophora","Litostomatea","Cyclotrichia","Cyclotrichia","Myrionecta","rubra","CCMP2563","CCMP2563","283649","232069","paired"
"","Ochrophyta","Bacillariophyceae","Naviculales","Naviculales","Navicula","sp","RA120910 P2A1","RCC3092","1764896","","paired"
"","Discoba","Euglenozoa","Kinetoplastida","Kinetoplastida","Neobodo","designis","1951-1","CCAP 1951/1","312471","146154","paired"
"","Lobosa","Discosea-Flabellinia","Dactylopodida","Dactylopodida","Neoparamoeba","aestuarina","SoJaBio B1-5","","180227","120664","paired"
"","Chlorophyta","Nephroselmidophyceae","Nephroselmidophyceae_X","Nephroselmidophyceae_X","Nephroselmis","pyriformis","CCMP717","CCMP717","156128","134541","paired"
"","Ochrophyta","Bacillariophyceae","Bacillariales","Bacillariales","Nitzschia","punctata","CCMP561","CCMP561","913974","978142","paired"
"","Ochrophyta","Bacillariophyceae","Bacillariales","Bacillariales","Nitzschia","sp","MBIC11128","RCC80","2857","149045","paired"
"","Dinoflagellata","Dinophyceae","Dinophyceae_X","Dinophyceae_X","Noctiluca","scintillans","Noctiluca scintillans","","2966","109921","paired"
"","Cercozoa","Filosa-Chlorarachnea","Chlorarachnida","Chlorarachnida","Norrisiella","sphaerica","BC52","","91329","590917","paired"
"","Ochrophyta","Chrysophyceae","Ochromonadales","Ochromonadales","Ochromonadaceae_X","sp","CCMP2298","CCMP2298","483371","368876","paired"
"","Ochrophyta","Chrysophyseae","Chryso_Clade_C","Chryso_Clade_C","Ochromonas","triangulata","CHR25","RCC21","1955567","","paired"
"","Ochrophyta","Chrysophyceae","Chrysophyceae_X","Chrysophyceae_X","Ochromonas","sp","CCMP1393","CCMP1393","420556","249725","paired"
"","Ochrophyta","Chrysophyceae","Chrysophyceae_X","Chrysophyceae_X","Ochromonas","sp","BG-1","","2985","249725","paired"
"","Ochrophyta","Chrysophyceae","Chrysophyceae_X","Chrysophyceae_X","Ochromonas","sp","CCMP1899","CCMP1899","2985","249725","paired"
"","Ochrophyta","Mediophyceae","Briggerales","Briggerales","Odontella","aurita","1302-5","","265563","149050","paired"
"","Ochrophyta","Mediophyceae","Briggerales","Briggerales","Odontella","sinensis","1884","","1514140","839993","paired"
"","Chlorophyta","Mamiellophyceae","Mamiellales","Mamiellales","Ostreococcus","lucimarinus","clade-A-BCC118000","","242159","656266","paired"
"","Chlorophyta","Mamiellophyceae","Mamiellales","Mamiellales","Ostreococcus","mediterraneus","clade-D-RCC2572-Obag2","RCC2572","1486918","","paired"
"","Chlorophyta","Mamiellophyceae","Mamiellales","Mamiellales","Ostreococcus","mediterraneus","clade-D-RCC1621","RCC1621","1486918","","paired"
"","Chlorophyta","Mamiellophyceae","Mamiellales","Mamiellales","Ostreococcus","mediterraneus","clade-D-RCC2596","RCC2596","1486918","","paired"
"","Chlorophyta","Mamiellophyceae","Mamiellales","Mamiellales","Ostreococcus","mediterraneus","clade-D-RCC2573","RCC2573","1486918","","paired"
"","Chlorophyta","Mamiellophyceae","Mamiellales","Mamiellales","Ostreococcus","mediterraneus","clade-D-RCC2593","RCC2593","1486918","","paired"
"","Chlorophyta","Mamiellophyceae","Mamiellales","Mamiellales","Ostreococcus","mediterraneus","clade-D-RCC1107","RCC1107","1486918","","paired"
"","Dinoflagellata","Dinophyceae","Dinophyceae_X","Dinophyceae_X","Oxyrrhis","marina","CCMP1788","CCMP1788","2969","109902","paired"
"","Dinoflagellata","Dinophyceae","Dinophyceae_X","Dinophyceae_X","Oxyrrhis","marina","CCMP1795","CCMP1795","2969","109902","paired"
"","Dinoflagellata","Dinophyceae","Dinophyceae_X","Dinophyceae_X","Oxyrrhis","marina","Oxyrrhis marina","","2969","109902","paired"
"","Dinoflagellata","Dinophyceae","Dinophyceae_X","Dinophyceae_X","Oxyrrhis","marina","LB1974","","2969","109902","paired"
"","Hacrobia_X","Hacrobia_Xx","Hacrobia_Xxx","Hacrobia_Xxx","Palpitomonas","bilix","NIES-2562","","652834","","paired"
"","Lobosa","Discosea-Flabellinia","Dactylopodida","Dactylopodida","Paramoeba","atlantica","Strain 621","CCAP1560_9","1077153","","paired"
"","Haptophyta","Prymnesiophyceae","Phaeocystales","Phaeocystales","Phaeocystis","sp","Biosope_226_FL2-3","RCC908","464236","","paired"
"","Ochrophyta","Chrysophyceae","Chrysophyceae_X","Chrysophyceae_X","Paraphysomonas","imperforata","PA2","","37642","341603","paired"
"","Ochrophyta","Chrysophyceae","Chrysophyceae_X","Chrysophyceae_X","Paraphysomonas","vestita","GFlagA","","36770","341605","paired"
"","Ochrophyta","Chrysophyceae","Chrysophyceae_X","Chrysophyceae_X","Paraphysomonas","bandaiensis","Paraphysomonas Caron Lab Isolate","","89770","619966","paired"
"","Cercozoa","Filosa-Chlorarachnea","Chlorarachnida","Chlorarachnida","Partenskyella","glossopodia","PROSOPE_99","RCC365","552666","590920","paired"
"","Cercozoa","Filosa-Chlorarachnea","Chlorarachnida","Chlorarachnida","Partenskyella","glossopodia","PROSOPE_99","RCC365","552666","590920","paired"
"","Haptophyta","Pavlovophyceae","Pavlovales","Pavlovales","Pavlova","gyrans","CCMP608","CCMP608","44452","573929","paired"
"","Haptophyta","Pavlovophyceae","Pavlovales","Pavlovales","Pavlova","lutheri","AC44","RCC1537","2832","590558","paired"
"","Haptophyta","Pavlovophyceae","Pavlovales","Pavlovales","Pavlova","sp","CCMP459","CCMP459","298111","249731","paired"
"","Haptophyta","Pavlovophyceae","Pavlovales","Pavlovales","Pavlovales","sp","CCMP2436","CCMP2436","483367","249729","paired"
"","Ochrophyta","Dictyochophyceae","Pedinellales","Pedinellales","Pedinellales_Xx","sp","CCMP2098","CCMP2098","483369","160597","paired"
"","Ochrophyta","Pelagophyceae","Pelagomonadales","Pelagomonadales","Pelagococcus","subviridis","CCMP1429","CCMP1429","35679","375971","paired"
"","Dinoflagellata","Dinophyceae","Dinophyceae_X","Dinophyceae_X","Pelagodinium","beii","PDI-1","RCC1491","43686","838272","paired"
"","Ochrophyta","Pelagophyceae","Pelagomonadales","Pelagomonadales","Pelagomonas","calceolata","CCMP1756","CCMP1756","35677","345504","paired"
"","Ochrophyta","Pelagophyceae","Pelagomonadales","Pelagomonadales","Pelagomonas","calceolata","Biosope_93 B","RCC969","35677","345504","paired"
"","Ochrophyta","Pelagophyceae","Pelagomonadales","Pelagomonadales","Pelagomonas","calceolata","CCMP1214","RCC100","35677","345504","paired"
"","Ochrophyta","Pelagophyceae","Pelagophyceae_X","Pelagophyceae_X","Pelagophyceae_Xxx","sp","CCMP2097","CCMP2097","483370","345500","paired"
"","Ochrophyta","Pelagophyceae","Pelagophyceae_X","Pelagophyceae_X","Pelagophyceae_Xxx","sp","Biosope_25 B2","RCC1024","114041","345500","paired"
"","Ochrophyta","Pelagophyceae","Pelagophyceae_X","Pelagophyceae_X","Pelagophyceae_Xxx","sp","CCMP2135","CCMP2135","100272","345500","paired"
"","Ochrophyta","Pelagophyceae","Pelagophyceae_X","Pelagophyceae_X","Pelagophyceae_Xxx","sp","Aka P71.E10","RCC2696","35675","345500","paired"
"","Discoba","Heterolobosea","Heterolobosea_X","Heterolobosea_X","Percolomonas","cosmopolitus","AE-1 ATCC 50343","","63605","428764","paired"
"","Discoba","Heterolobosea","Heterolobosea_X","Heterolobosea_X","Percolomonas","cosmopolitus","WS","","63605","428764","paired"
"","Dinoflagellata","Dinophyceae","Dinophyceae_X","Dinophyceae_X","Peridinium","aciculiferum","PAER_2","","268820","689781","paired"
"","Perkinsea","Perkinsida","Perkinsida_X","Perkinsida_X","Perkinsus","chesapeaki","ATCC_PRA_65","","330153","883642","paired"
"","Perkinsea","Perkinsida","Perkinsida_X","Perkinsida_X","Perkinsus","marinus","ATCC50439","","31276","562957","paired"
"","Lobosa","Discosea-Flabellinia","Discosea-Flabellinia_X","Discosea-Flabellinia_X","Pessonella","sp","PRA-29","","498008","761230","paired"
"","Haptophyta","Prymnesiophyceae","Phaeocystales","Phaeocystales","Phaeocystis","aff. globosa","BL_70","RCC576","1764214","","paired"
"","Haptophyta","Prymnesiophyceae","Phaeocystales","Phaeocystales","Phaeocystis","antarctica","Caron Lab","","33657","341585","paired"
"","Haptophyta","Prymnesiophyceae","Phaeocystales","Phaeocystales","Phaeocystis","antarctica","CCMP1374","RCC4023","33657","341585","paired"
"","Haptophyta","Prymnesiophyceae","Phaeocystales","Phaeocystales","Phaeocystis","antarctica","CCMP1374","CCMP1374","33657","341585","paired"
"","Haptophyta","Prymnesiophyceae","Phaeocystales","Phaeocystales","Phaeocystis","antarctica","CCMP1871","RCC4024","33657","341585","paired"
"","Haptophyta","Prymnesiophyceae","Phaeocystales","Phaeocystales","Phaeocystis","cordata","CCMP2495","RCC1383","118079","613429","paired"
"","Haptophyta","Prymnesiophyceae","Phaeocystales","Phaeocystales","Phaeocystis","cordata","CCMP2495","RCC1383","118079","613429","paired"
"","Haptophyta","Prymnesiophyceae","Phaeocystales","Phaeocystales","Phaeocystis","globosa","PCC64","RCC3538","33656","160538","paired"
"","Haptophyta","Prymnesiophyceae","Phaeocystales","Phaeocystales","Phaeocystis","globosa","RIKZ-Graves","RCC739","33658","160538","paired"
"","Haptophyta","Prymnesiophyceae","Phaeocystales","Phaeocystales","Phaeocystis","rex","He001206-D2-B1","RCC678","1631190","","paired"
"","Haptophyta","Prymnesiophyceae","Phaeocystales","Phaeocystales","Phaeocystis","sp","CCMP2710","CCMP2710","33656","115088","paired"
"","Haptophyta","Prymnesiophyceae","Phaeocystales","Phaeocystales","Phaeocystis","sp","CCMP2000","CCMP2000","33656","115088","paired"
"","Haptophyta","Prymnesiophyceae","Phaeocystales","Phaeocystales","Phaeocystis","sp","PCC559","PCC559","126725","115088","paired"
"","Haptophyta","Prymnesiophyceae","Phaeocystales","Phaeocystales","Phaeocystis","sp","NIES1396","RCC3537","33658","115106","paired"
"","Haptophyta","Prymnesiophyceae","Phaeocystales","Phaeocystales","Phaeocystis","sp","Biosope_202","RCC851","464232","","paired"
"","Ochrophyta","Pinguiophyceae","Pinguiochrysidales","Pinguiochrysidales","Phaeomonas","parva","CCMP2877","CCMP2877","124430","375874","paired"
"","Chlorophyta","Trebouxiophyceae","Chlorellales","Chlorellales","Picochlorum","oklahomense","CCMP2329","CCMP2329","249345","616812","paired"
"","Chlorophyta","Trebouxiophyceae","Chlorellales","Chlorellales","Picochlorum","sp","Biosope_237_DVC4","RCC944","464278","603429","paired"
"","Chlorophyta","Picocystophyceae","Picocystales","Picocystales","Picocystis","salinarum","CCMP1897","CCMP1897","88271","613441","paired"
"","Ochrophyta","Pinguiophyceae","Pinguiochrysidales","Pinguiochrysidales","Pinguiococcus","pyrenoidosus","CCMP2078","CCMP2078","172671","376356","paired"
"","Ciliophora","Colpodea","Platyophryida","Platyophryida","Platyophrya","macrostoma","WH","","938130","","paired"
"","Haptophyta","Prymnesiophyceae","Coccolithales","Coccolithales","Pleurochrysis","carterae","CCMP645","CCMP645","13221","837255","paired"
"","Ochrophyta","Bacillariophyceae","Naviculales","Naviculales","Pleurosigma","sp","RA120910 P1B3","RCC3090","1764931","","paired"
"","Dinoflagellata","Dinophyceae","Dinophyceae_X","Dinophyceae_X","Polarella","glacialis","CCMP1383","CCMP1383","89957","232248","paired"
"","Dinoflagellata","Dinophyceae","Dinophyceae_X","Dinophyceae_X","Polarella","glacialis","CCMP2088","CCMP2088","89957","232248","paired"
"","Chlorophyta","Chlorophyceae","Chlorophyceae_X","Chlorophyceae_X","Polytomella","parva","SAG 63-3","","51329","610842","paired"
"","Rhodophyta","Porphyridiophyceae","Porphyridiales","Porphyridiales","Porphyridium","aerugineum","SAG1380-2","","2792","145787","paired"
"","Chlorophyta","Palmophyllophyceae","Prasinococcales","Prasinococcales","Prasinococcus","capsulatus","CCMP1194","CCMP1194","156131","375880","paired"
"","Chlorophyta","Palmophyllophyceae","Prasinococcales","Prasinococcales","Prasinoderma","coloniale","CCMP1413","CCMP1413","156133","375881","paired"
"","Chlorophyta","Palmophyllophyceae","Prasinococcales","Prasinococcales","Prasinoderma","singularis","Biosope_243_FL1-4","RCC927","676789","624302","paired"
"","Ochrophyta","Coscinodiscophyceae","Rhizosoleniales","Rhizosoleniales","Proboscia","alata","PI-D3","","216777","149168","paired"
"","Ochrophyta","Coscinodiscophyceae","Rhizosoleniales","Rhizosoleniales","Proboscia","inermis","1064-1","CCAP1064/1","420281","341501","paired"
"","Dinoflagellata","Dinophyceae","Dinophyceae_X","Dinophyceae_X","Prorocentrum","lima","CCMP684","CCMP684","39448","110301","paired"
"","Dinoflagellata","Dinophyceae","Dinophyceae_X","Dinophyceae_X","Prorocentrum","micans","CCCM845","CCCM845","2945","110303","paired"
"","Dinoflagellata","Dinophyceae","Dinophyceae_X","Dinophyceae_X","Prorocentrum","minimum","CCMP1329","CCMP1329","39449","232376","paired"
"","Dinoflagellata","Dinophyceae","Dinophyceae_X","Dinophyceae_X","Prorocentrum","minimum","CCMP2233","CCMP2233","39449","232376","paired"
"","Cryptophyta","Cryptophyceae","Cryptophyceae_X","Cryptophyceae_X","Proteomonas","sulcata","CCMP704","CCMP704","77928","573956","paired"
"","Dinoflagellata","Dinophyceae","Suessiales","Suessiales","Pelagodinium","beii","PDI-1","RCC1491","43686","838272","paired"
"","Dinoflagellata","Dinophyceae","Dinophyceae_X","Dinophyceae_X","Protoceratium","reticulatum","CCCM535","CCMP1889","133427","110321","paired"
"","Ciliophora","Spirotrichea","Protocruziida","Protocruziida","Protocruzia","adherens","Boccale","","223996","427746","paired"
"","Haptophyta","Prymnesiophyceae","Prymnesiales","Prymnesiales","Prymnesium","parvum","Texoma1","","97485","160564","paired"
"","Ochrophyta","Bacillariophyceae","Bacillariales","Bacillariales","Pseudo-Nitzschia","arenysensis","B593","","697910","531449","paired"
"","Ochrophyta","Bacillariophyceae","Bacillariales","Bacillariales","Pseudo-Nitzschia","australis","10249 10 AB","","44445","246604","paired"
"","Ochrophyta","Bacillariophyceae","Bacillariales","Bacillariales","Pseudo-Nitzschia","delicatissima","B596","","44447","149153","paired"
"","Ochrophyta","Bacillariophyceae","Bacillariales","Bacillariales","Pseudo-Nitzschia","delicatissima","UNC1205","","44447","149153","paired"
"","Ochrophyta","Bacillariophyceae","Bacillariales","Bacillariales","Pseudo-Nitzschia","fraudulenta","WWA7","","183588","246606","paired"
"","Ochrophyta","Bacillariophyceae","Bacillariales","Bacillariales","Pseudo-Nitzschia","heimii","UNC1101","","476441","411764","paired"
"","Ochrophyta","Bacillariophyceae","Bacillariales","Bacillariales","Pseudo-Nitzschia","pungens","cf. pungens","","37318","160528","paired"
"","Ochrophyta","Bacillariophyceae","Bacillariales","Bacillariales","Pseudo-Nitzschia","pungens cf. cingulata","cf. cingulata","","37318","160528","paired"
"","Ciliophora","Spirotrichea","Hypotrichia","Hypotrichia","Pseudokeronopsis","sp","OXSARD2","","311385","391920","paired"
"","Ciliophora","Spirotrichea","Hypotrichia","Hypotrichia","Pseudokeronopsis","sp","Brazil","","311385","391920","paired"
"","Ochrophyta","Dictyochophyceae","Pedinellales","Pedinellales","Pseudopedinella","elastica","CCMP716","CCMP716","35684","248149","paired"
"","Ochrophyta","Dictyochophyceae","Pedinellales","Pedinellales","Pteridomonas","danica","PT","","38822","341762","paired"
"","Chlorophyta","Pyramimonadales","Pyramimonadales_X","Pyramimonadales_X","Pterosperma","sp","CCMP1384","CCMP1384","38835","160595","paired"
"","Chlorophyta","Prasino-Clade-V","Pseudoscourfieldiales","Pseudoscourfieldiales","Pycnococcus","provasolii","JST MH318","RCC2336","41880","376073","paired"
"","Chlorophyta","Prasino-Clade-V","Pseudoscourfieldiales","Pseudoscourfieldiales","Pycnococcus","provasolii","Biosope_206_FL1-1","RCC931","41880","376073","paired"
"","Chlorophyta","Prasino-Clade-V","Pseudoscourfieldiales","Pseudoscourfieldiales","Pycnococcus","provasolii","IndianOcean_39-2","RCC733","41880","376073","paired"
"","Chlorophyta","Prasino-Clade-V","Pseudoscourfieldiales","Pseudoscourfieldiales","Pycnococcus","provasolii","ROS9401","RCC251","41880","376073","paired"
"","Chlorophyta","Prasino-Clade-V","Pseudoscourfieldiales","Pseudoscourfieldiales","Pycnococcus","sp","CCM1998","CCM1998","41879","370136","paired"
"","Chlorophyta","Pyramimonadales","Pyramimonadales_X","Pyramimonadales_X","Pyramimonas","amylifera","CCMP720","CCMP720","1486889","838163","paired"
"","Chlorophyta","Pyramimonadales","Pyramimonadales_X","Pyramimonadales_X","Pyramimonas","obovata","CCMP722","CCMP722","1411642","376151","paired"
"","Chlorophyta","Pyramimonadales","Pyramimonadales_X","Pyramimonadales_X","Pyramimonas","parkeae","CCMP726","CCMP726","36894","495287","paired"
"","Chlorophyta","Pyramimonadales","Pyramimonadales_X","Pyramimonadales_X","Pyramimonas","sp","CCMP2087","CCMP2087","36898","134529","paired"
"","Dinoflagellata","Dinophyceae","Dinophyceae_X","Dinophyceae_X","Pyrocystis","lunula","CCCM517","CCCM517","2972","164053","paired"
"","Dinoflagellata","Dinophyceae","Dinophyceae_X","Dinophyceae_X","Pyrodinium","bahamense","pbaha01","","73915","231886","paired"
"","Stramenopiles_X","Labyrinthulea","Thraustochytriales","Thraustochytriales","Quahog Parasite Qpx","quahog parasite","QPX NY0313808BC1","","100272","22156","paired"
"","Stramenopiles_X","Labyrinthulea","Thraustochytriales","Thraustochytriales","Quahog Parasite Qpx","sp","QPX NY07348D","","100272","22156","paired"
"","Ochrophyta","Dictyochophyceae","Rhizochromulinales","Rhizochromulinales","Rhizochromulina","marina","CCMP1243","CCMP1243","1034831","178601","paired"
"","Ochrophyta","Coscinodiscophyceae","Rhizosoleniales","Rhizosoleniales","Rhizosolenia","setigera","CCMP1694","","3005","149115","paired"
"","Rhodophyta","Rhodellophyceae","Rhodellales","Rhodellales","Rhodella","maculata","CCMP736","CCMP736","2801","145790","paired"
"","Cryptophyta","Cryptophyceae","Cryptophyceae_X","Cryptophyceae_X","Rhodomonas","lens","RHODO","","354590","248153","paired"
"","Cryptophyta","Cryptophyceae","Cryptophyceae_X","Cryptophyceae_X","Rhodomonas","salina","CCMP1319","CCMP1319","52970","106316","paired"
"","Cryptophyta","Cryptophyceae","Cryptophyceae_X","Cryptophyceae_X","Rhodomonas","sp","CCMP768","CCMP768","302021","106289","paired"
"","Cryptophyta","Cryptophyceae","Cryptophyceae_X","Cryptophyceae_X","Rhodomonas","abbreviata","Rhodomonas Caron Lab Isolate","","46948","573967","paired"
"","Rhodophyta","Stylonematophyceae","Porphyridiales-2","Porphyridiales-2","Rhodosorus","marinus","CCMP769","CCMP769","101924","145791","paired"
"","Rhodophyta","Stylonematophyceae","Porphyridiales-2","Porphyridiales-2","Rhodosorus","marinus","UTEX LB2760","","101924","145791","paired"
"","Foraminifera","Rotaliida","Discorbacea","Discorbacea","Rosalina","sp","Rosalina","","37353","","paired"
"","Ochrophyta","Pelagophyceae","Sarcinochrysidales","Sarcinochrysidales","Sarcinochrysis","sp","CCMP770","CCMP770","54406","370187","paired"
"","Stramenopiles_X","Labyrinthulea","Thraustochytriales","Thraustochytriales","Schizochytrium","aggregatum","ATCC28209","","4773","722972","paired"
"","Dinoflagellata","Dinophyceae","Dinophyceae_X","Dinophyceae_X","Scrippsiella","hangoei","SHTV5","","268821","233093","paired"
"","Dinoflagellata","Dinophyceae","Dinophyceae_X","Dinophyceae_X","Scrippsiella","hangoei-like","SHHI-4","","268821","233093","paired"
"","Dinoflagellata","Dinophyceae","Dinophyceae_X","Dinophyceae_X","Scrippsiella","trochoidea","CCMP3099","CCMP3099","71861","110172","paired"
"","Haptophyta","Prymnesiophyceae","Zygodiscales","Zygodiscales","Scyphosphaera","apsteinii","AC505","RCC1455","418940","235975","paired"
"","Tubulinea","Arcellinida","Difflugina","Difflugina","Sexangularia","sp","CB-2014 ATCC50979","","1486929","","paired"
"","Ochrophyta","Mediophyceae","Thalassiosirales","Thalassiosirales","Shionodiscus","bioculatus","MALINA FT99.3 PG3bis","RCC1991","1048533","null","paired"
"","Ochrophyta","Mediophyceae","Thalassiosirales","Thalassiosirales","Skeletonema","costatum","RA080513-05","","2843","149074","paired"
"","Ochrophyta","Mediophyceae","Thalassiosirales","Thalassiosirales","Skeletonema","dohrnii","SkelB","","267566","489112","paired"
"","Ochrophyta","Mediophyceae","Thalassiosirales","Thalassiosirales","Skeletonema","grethea","CCMP1804","CCMP1804","267565","376665","paired"
"","Ochrophyta","Mediophyceae","Thalassiosirales","Thalassiosirales","Skeletonema","japonicum","CCMP2506","CCMP2506","267983","376666","paired"
"","Ochrophyta","Mediophyceae","Thalassiosirales","Thalassiosirales","Skeletonema","marinoi","SM1012Hels-07","","267567","376667","paired"
"","Ochrophyta","Mediophyceae","Thalassiosirales","Thalassiosirales","Skeletonema","marinoi","SM1012Den-03","","267567","376667","paired"
"","Ochrophyta","Mediophyceae","Thalassiosirales","Thalassiosirales","Skeletonema","marinoi","skelA","","267567","376667","paired"
"","Ochrophyta","Mediophyceae","Thalassiosirales","Thalassiosirales","Skeletonema","marinoi","FE7","","267567","376667","paired"
"","Ochrophyta","Mediophyceae","Thalassiosirales","Thalassiosirales","Skeletonema","marinoi","FE60","","267567","376667","paired"
"","Ochrophyta","Mediophyceae","Thalassiosirales","Thalassiosirales","Skeletonema","marinoi","UNC1201","","267567","376667","paired"
"","Ochrophyta","Mediophyceae","Thalassiosirales","Thalassiosirales","Skeletonema","menzelii","CCMP793","CCMP793","216823","376361","paired"
"","Foraminifera","Miliolida","Miliolida_X","Miliolida_X","Sorites","sp","Sorites sp.","","126664","112069","paired"
"","Ochrophyta","Chrysophyceae","Chrysophyceae_X","Chrysophyceae_X","Spumella","elongata","955-1","CCAP955/1","89044","610298","paired"
"","Ochrophyta","Bacillariophyceae","Naviculales","Naviculales","Stauroneis","constricta","CCMP1120","CCMP1120","265584","590735","paired"
"","Ochrophyta","Bacillariophyceae","Fragilariales","Fragilariales","Staurosira","complex","CCMP2646","CCMP2646","210615","175928","paired"
"","Ochrophyta","Coscinodiscophyceae","Stephanopyxales","Stephanopyxales","Stephanopyxis","turris","CCMP815","CCMP815","515487","149631","paired"
"","Stereomyxa","Stereomyxa_X","Stereomyxa_Xx","Stereomyxa_Xx","Stereomyxa","ramosa","Chinc5","","1078864","120630","paired"
"","Chlorophyta","Trebouxiophyceae","Prasiolales","Prasiolales","Stichococcus","sp","Biosope_148 A1C1-1","RCC1054","29646","144193","paired"
"","Ochrophyta","Bacillariophyta","Striatellales","Striatellales","Striatella","unipunctata","CCMP2910","CCMP2910","210618","573470","paired"
"","Ciliophora","Spirotrichea","Choreotrichia","Choreotrichia","Strombidinopsis","acuminata","SMPC142","","141414","101350","paired"
"","Ciliophora","Spirotrichea","Choreotrichia","Choreotrichia","Strombidinopsis","sp","LIS2011","","181622","101198","paired"
"","Ciliophora","Spirotrichea","Oligotrichia","Oligotrichia","Strombidium","inclinatum","S3","","197538","428332","paired"
"","Ciliophora","Spirotrichea","Oligotrichia","Oligotrichia","Strombidium","rassoulzadegani","ras09","","1082188","595221","paired"
"","Hilomonadea","Planomonadida","Planomonadidae","Planomonadidae","Stygamoeba","regulata","BSH-02190019","","1042828","120587","paired"
"","Dinoflagellata","Dinophyceae","Dinophyceae_X","Dinophyceae_X","Symbiodinium","kawagutii","CCMP2468","CCMP2468","104179","623649","paired"
"","Dinoflagellata","Dinophyceae","Dinophyceae_X","Dinophyceae_X","Symbiodinium","sp","CCMP421","CCMP421","174948","109572","paired"
"","Dinoflagellata","Dinophyceae","Dinophyceae_X","Dinophyceae_X","Symbiodinium","sp","CCMP2430","CCMP2430","631057","109572","paired"
"","Dinoflagellata","Dinophyceae","Dinophyceae_X","Dinophyceae_X","Symbiodinium","sp","Mp","","230996","109572","paired"
"","Dinoflagellata","Dinophyceae","Dinophyceae_X","Dinophyceae_X","Symbiodinium","sp","C1","","2950","109572","paired"
"","Dinoflagellata","Dinophyceae","Dinophyceae_X","Dinophyceae_X","Symbiodinium","sp","C15","","2950","109572","paired"
"","Dinoflagellata","Dinophyceae","Dinophyceae_X","Dinophyceae_X","Amphidinium","sp","Mf12.5f-clade A3","","993574","109572","paired"
"","Dinoflagellata","Dinophyceae","Dinophyceae_X","Dinophyceae_X","Symbiodinium","sp","type D1a","","462645","109572","paired"
"","Ochrophyta","Synchromophyceae","Synchromadales","Synchromadales","Synchroma","pusillum","CCMP3072","CCMP3072","1181717","837974","paired"
"","Ochrophyta","Bacillariophyceae","Fragilariales","Fragilariales","Synedra","sp","MALINA S93 P44.D11","RCC2510","1764925","","paired"
"","Ochrophyta","Bacillariophyta","Fragilariales","Fragilariales","Synedropsis","cf. recta","CCMP1620","CCMP1620","265551","341539","paired"
"","Chlorophyta","Chlorodendrophyceae","Chlorodendrales","Chlorodendrales","Tetraselmis","astigmatica","CCMP880","CCMP880","1074897","376360","paired"
"","Chlorophyta","Chlorodendrophyceae","Chlorodendrales","Chlorodendrales","Tetraselmis","chuii","PLY429","","63592","345528","paired"
"","Chlorophyta","Chlorodendrophyceae","Chlorodendrales","Chlorodendrales","Tetraselmis","sp","GSL018","","582737","134526","paired"
"","Chlorophyta","Chlorodendrophyceae","Chlorodendrales","Chlorodendrales","Tetraselmis","striata","LANL1001","","3165","375951","paired"
"","Ochrophyta","Bacillariophyceae","Thalassionematales","Thalassionematales","Thalassionema","frauenfeldii","CCMP1798","CCMP1798","186022","176362","paired"
"","Ochrophyta","Bacillariophyceae","Thalassionematales","Thalassionematales","Thalassionema","nitzschioides","L26_B","","33649","985570","paired"
"","Ochrophyta","Bacillariophyceae","Thalassionematales","Thalassionematales","Thalassionema","nitzschioides","Unkown","","33649","985570","paired"
"","Ochrophyta","Mediophyceae","Thalassiosirales","Thalassiosirales","Thalassiosira","antarctica","CCMP982","CCMP982","160265","666449","paired"
"","Ochrophyta","Mediophyceae","Thalassiosirales","Thalassiosirales","Thalassiosira","gravida","GMp14c1","","420259","149102","paired"
"","Ochrophyta","Mediophyceae","Thalassiosirales","Thalassiosirales","Thalassiosira","miniscula","CCMP1093","CCMP1093","385413","555293","paired"
"","Ochrophyta","Mediophyceae","Thalassiosirales","Thalassiosirales","Thalassiosira","oceanica","CCMP1005","CCMP1005","159749","345549","paired"
"","Ochrophyta","Mediophyceae","Thalassiosirales","Thalassiosirales","Thalassiosira","punctigera","C2","","265564","148941","paired"
"","Ochrophyta","Mediophyceae","Thalassiosirales","Thalassiosirales","Thalassiosira","rotula","CCMP3096","CCMP3096","49265","148942","paired"
"","Ochrophyta","Mediophyceae","Thalassiosirales","Thalassiosirales","Thalassiosira","rotula","GSO102","","49265","148942","paired"
"","Ochrophyta","Mediophyceae","Thalassiosirales","Thalassiosirales","Thalassiosira","sp","FW","","35127","148912","paired"
"","Ochrophyta","Mediophyceae","Thalassiosirales","Thalassiosirales","Thalassiosira","sp","NH16","","35127","148912","paired"
"","Ochrophyta","Mediophyceae","Thalassiosirales","Thalassiosirales","Thalassiosira","weissflogii","CCMP1336","CCMP1336","1577725","668848","paired"
"","Ochrophyta","Mediophyceae","Thalassiosirales","Thalassiosirales","Thalassiosira","weissflogii","CCMP1010","CCMP1010","1577725","668848","paired"
"","Ochrophyta","Bacillariophyceae","Thalassionematales","Thalassionematales","Thalassiothrix","antarctica","L6-D1","","1049557","341540","paired"
"","Dinoflagellata","Dinophyceae","Peridiniales","Peridiniales","Thoracosphaera","heimii","CCCM670","CCMP1069","2923","110277","paired"
"","Stramenopiles_X","Labyrinthulea","Thraustochytriales","Thraustochytriales","Thraustochytrium","sp","LLF1b","","1112570","119095","paired"
"","Ciliophora","Prostomatea","Prostomatea_X","Prostomatea_X","Tiarina","fusa","LIS","","693140","","paired"
"","Rhodophyta","Rhodophyceae","Porphyridiales-1","Porphyridiales-1","Timspurckia","oligopyrenoides","CCMP3278","CCMP3278","708627","624229","paired"
"","Dinoflagellata","Dinophyceae","Dinophyceae_X","Dinophyceae_X","Togula","jolla","CCCM725","CCCM725","285029","396102","paired"
"","Ochrophyta","Coscinodiscophyceae","Triceratiales","Triceratiales","Triceratium","dubium","CCMP147","CCMP147","1003142","418600","paired"
"","Lobosa","Amoebozoa_Xx","Trichosida","Trichosida","Trichosphaerium","sp","Am-I-7 wt","","498011","136799","paired"
"","Ochrophyta","Bolidophyceae","Parmales","Parmales","Triparma","eleuthera","OLI 120 SD-A","RCC208","172717","708590","paired"
"","Ochrophyta","Bolidophyceae","Parmales","Parmales","Triparma","eleuthera","BOUM117-22","RCC2347","91990","345469","paired"
"","Ochrophyta","Bolidophyceae","Parmales","Parmales","Triparma","pacifica","CCMP1866","CCMP1866","91992","375727","paired"
"","Ochrophyta","Bolidophyceae","Parmales","Parmales","Triparma","pacifica","OLI 94 SCH","RCC216","91992","375727","paired"
"","Ochrophyta","Bolidophyceae","Parmales","Parmales","Triparma","pacifica","MIN 129-20m Aa","RCC238","91992","345474","paired"
"","Ochrophyta","Bolidophyceae","Parmales","Parmales","Triparma","sp","MICROVIR 3K_0","RCC1657","91990","345469","paired"
"","Ciliophora","Oligohymenophorea","Scuticociliatia","Scuticociliatia","Uronema","sp","Bbcil","","104535","494309","paired"
"","Lobosa","Discosea-Flabellinia","Vannellida","Vannellida","Vannella","sp","DIVA3 518-3-11-1-6","","1487602","120566","paired"
"","Lobosa","Discosea-Flabellinia","Vannellida","Vannellida","Vannella","sp","DIVA3 517-6-12","","95228","120566","paired"
"","Ochrophyta","Xanthophyceae","Xanthophyceae_X","Xanthophyceae_X","Vaucheria","litorea","CCMP2940","CCMP2940","109269","146024","paired"
"","Lobosa","Discosea-Flabellinia","Dactylopodida","Dactylopodida","Vexillifera","sp","DIVA3 564","","218659","120570","paired"
"","Chromerida","Chromerida_X","Chromerida_Xx","Chromerida_Xx","Vitrella","brassicaformis","syn. A10","CCMP3346","1169539","837991","paired"
"","Dinoflagellata","Dinophyceae","Peridiniales","Peridiniales","Brandtodinium","nutricula","SES46","RCC3378","1333877","840495","paired"
"","Dinoflagellata","Dinophyceae","Gymnodiniales","Gymnodiniales","Gymnoxanthella","radiolariae","OKI26++","RCC3507","1798043","1370325","paired"
"","Dinoflagellata","Dinophyceae","Peridiniales","Peridiniales","Heterocapsa","sp","AC212","RCC1516","39447","109784","paired"